-- INSERT INTO `student` VALUES (1,'서울','이정환','645249'),(2,'서울','김기솔','645250'),(3,'서울','천민우','645251'),(4,'서울','이상훈','645252'),(5,'서울','강민구','645253'),(6,'서울','이동준','645254'),(7,'서울','소석진','645255'),(8,'서울','손형선','645256'),(9,'서울','최현규','645257'),(10,'서울','최하영','645258'),(11,'서울','박소율','645259'),(12,'서울','서민기','645260'),(13,'서울','박종선','645261'),(14,'서울','임다훈','645262'),(15,'서울','이수림','645263'),(16,'서울','윤태성','645264'),(17,'서울','오윤택','645265'),(18,'서울','김승현','645266'),(19,'서울','이인규','645267'),(20,'서울','한혜성','645268'),(21,'서울','승나연','645269'),(22,'서울','이정아','645270'),(23,'서울','오재우','645271'),(24,'서울','이지우','645272'),(25,'서울','하윤주','645273'),(26,'서울','김한길','645274'),(27,'서울','이민정','645275'),(28,'서울','박건우','645276'),(29,'서울','김경한','645277'),(30,'서울','황소현','645278'),(31,'서울','선민기','645279'),(32,'서울','전현민','645280'),(33,'서울','이재근','645281'),(34,'서울','김형준','645282'),(35,'서울','최소원','645283'),(36,'서울','김하영','645284'),(37,'서울','최윤수','645285'),(38,'서울','박세진','645286'),(39,'서울','이혜민','645287'),(40,'서울','강수현','645288'),(41,'서울','김한나','645289'),(42,'서울','손수연','645290'),(43,'서울','이규은','645291'),(44,'서울','최정민','645292'),(45,'서울','안영진','645293'),(46,'서울','김윤하','645294'),(47,'서울','백승윤','645295'),(48,'서울','송지호','645296'),(49,'서울','임건호','645297'),(50,'서울','정지민','645298'),(51,'서울','이진행','645299'),(52,'서울','김남훈','645300'),(53,'서울','박홍규','645301'),(54,'서울','이상원','645302'),(55,'서울','최일권','645303'),(56,'서울','최재훈','645304'),(57,'서울','송다솔','645305'),(58,'서울','김영후','645306'),(59,'서울','이광진','645307'),(60,'서울','이언호','645308'),(61,'서울','이효림','645309'),(62,'서울','홍종규','645310'),(63,'서울','장효정','645311'),(64,'서울','김종범','645312'),(65,'서울','맹동열','645313'),(66,'서울','박지후','645314'),(67,'서울','이진희','645315'),(68,'서울','조성한','645316'),(69,'서울','권도혁','645317'),(70,'서울','방의진','645318'),(71,'서울','장성우','645319'),(72,'서울','정언용','645320'),(73,'서울','정찬','645321'),(74,'서울','김나경','645322'),(75,'서울','김동영','645323'),(76,'서울','김태균','645324'),(77,'서울','정산하','645325'),(78,'서울','조은솔','645326'),(79,'서울','류완수','645327'),(80,'서울','연승은','645328'),(81,'서울','한지윤','645329'),(82,'서울','서승원','645330'),(83,'서울','최광호','645331'),(84,'서울','홍승영','645332'),(85,'서울','우윤석','645333'),(86,'서울','윤혜구','645334'),(87,'서울','이현우','645335'),(88,'서울','이재경','645336'),(89,'서울','김민채','645337'),(90,'서울','노태현','645338'),(91,'서울','위연주','645339'),(92,'서울','윤창목','645340'),(93,'서울','조항준','645341'),(94,'서울','한슬기','645342'),(95,'서울','주지환','645343'),(96,'서울','강동석','645344'),(97,'서울','김정혁','645345'),(98,'서울','김경석','645346'),(99,'서울','김경현','645347'),(100,'서울','이선민','645348'),(101,'서울','문준호','645349'),(102,'서울','김은선','645350'),(103,'서울','형다은','645351'),(104,'서울','이지윤','645352'),(105,'서울','김응주','645353'),(106,'서울','정지영','645354'),(107,'서울','배지환','645355'),(108,'서울','유혜승','645356'),(109,'서울','오나연','645357'),(110,'서울','이정민','645358'),(111,'서울','장의현','645359'),(112,'서울','남은성','645360'),(113,'서울','조용문','645361'),(114,'서울','이아영','645362'),(115,'서울','이은영','645363'),(116,'서울','정구아','645364'),(117,'서울','김혜란','645365'),(118,'서울','배용한','645366'),(119,'서울','김중우','645367'),(120,'서울','김우찬','645368'),(121,'서울','김민준','645369'),(122,'서울','고주희','645370'),(123,'서울','임형준','645371'),(124,'서울','이호진','645372'),(125,'서울','최혜린','645373'),(126,'서울','노하윤','645374'),(127,'서울','김수민','645375'),(128,'서울','진민규','645376'),(129,'서울','이상우','645377'),(130,'서울','김은송','645378'),(131,'서울','이호형','645379'),(132,'서울','김선민','645380'),(133,'서울','주영호','645381'),(134,'서울','강민수','645382'),(135,'서울','손영배','645383'),(136,'서울','임지환','645384'),(137,'서울','최재진','645385'),(138,'서울','서우림','645386'),(139,'서울','김태훈','645387'),(140,'서울','허재석','645388'),(141,'서울','윤홍림','645389'),(142,'서울','김민수','645390'),(143,'서울','김동규','645391'),(144,'서울','이정훈','645392'),(145,'서울','서형준','645393'),(146,'서울','이윤기','645394'),(147,'서울','이재영','645395'),(148,'서울','황정준','645396'),(149,'서울','소정은','645397'),(150,'서울','이건','645398'),(151,'서울','조원빈','645399'),(152,'서울','김보민','645400'),(153,'서울','유재룡','645401'),(154,'서울','신지우','645402'),(155,'서울','정홍진','645403'),(156,'서울','김혜지','645404'),(157,'서울','김한주','645405'),(158,'서울','이명주','645406'),(159,'서울','송예진','645407'),(160,'서울','김명섭','645408'),(161,'서울','이여진','645409'),(162,'서울','박정환','645410'),(163,'서울','박찬혁','645411'),(164,'서울','윤혜원','645412'),(165,'서울','박성호','645413'),(166,'서울','이호성','645414'),(167,'서울','윤희영','645415'),(168,'서울','김민관','645416'),(169,'서울','강진','645417'),(170,'서울','구련아','645418'),(171,'서울','김경협','645419'),(172,'서울','김나윤','645420'),(173,'서울','김다영','645421'),(174,'서울','김도연','645422'),(175,'서울','김도현','645423'),(176,'서울','김동영','645424'),(177,'서울','김민창','645425'),(178,'서울','김수연','645426'),(179,'서울','김영진','645427'),(180,'서울','김윤하','645428'),(181,'서울','김정연','645429'),(182,'서울','김현규','645430'),(183,'서울','남정현','645431'),(184,'서울','류대성','645432'),(185,'서울','민성재','645433'),(186,'서울','박상일','645434'),(187,'서울','박종훈','645435'),(188,'서울','박주미','645436'),(189,'서울','배하은','645437'),(190,'서울','송민수','645438'),(191,'서울','양원동','645439'),(192,'서울','오지영','645440'),(193,'서울','유민상','645441'),(194,'서울','유소연','645442'),(195,'서울','이성재','645443'),(196,'서울','임영택','645444'),(197,'서울','임재현','645445'),(198,'서울','정유환','645446'),(199,'서울','정해윤','645447'),(200,'서울','정현정','645448'),(201,'서울','채예은','645449'),(202,'서울','최다연','645450'),(203,'서울','최대치','645451'),(204,'서울','최부성','645452'),(205,'서울','최상진','645453'),(206,'서울','최영운','645454'),(207,'서울','한정섭','645455'),(208,'서울','한지희','645456'),(209,'서울','허은아','645457'),(210,'서울','홍승기','645458'),(211,'서울','황수진','645459'),(212,'서울','김용희','645460'),(213,'서울','박기범','645461'),(214,'서울','천재원','645462'),(215,'서울','이서영','645463'),(216,'서울','제진명','645464'),(217,'서울','김승규','645465'),(218,'서울','정원식','645466'),(219,'서울','정주헌','645467'),(220,'서울','이다예','645468'),(221,'서울','김종우','645469'),(222,'서울','안지애','645470'),(223,'서울','김동현','645471'),(224,'서울','박현우','645472'),(225,'서울','염형덕','645473'),(226,'서울','이수민','645474'),(227,'서울','손창현','645475'),(228,'서울','윤영철','645476'),(229,'서울','김유민','645477'),(230,'서울','나지엽','645478'),(231,'서울','안재영','645479'),(232,'서울','전슬민','645480'),(233,'서울','강동원','645481'),(234,'서울','전건하','645482'),(235,'서울','최종현','645483'),(236,'서울','이정음','645484'),(237,'서울','엄희성','645485'),(238,'서울','조영운','645486'),(239,'서울','박상현','645487'),(240,'서울','노문택','645488'),(241,'서울','장준범','645489'),(242,'서울','채연희','645490'),(243,'서울','진형준','645491'),(244,'서울','연진우','645492'),(245,'서울','이예원','645493'),(246,'서울','송민주','645494'),(247,'서울','공윤환','645495'),(248,'서울','왕수련','645496'),(249,'서울','손상준','645497'),(250,'서울','인주비','645498'),(251,'서울','이민규','645499'),(252,'서울','심아윤','645500'),(253,'대전','곽현준','645501'),(254,'대전','권영현','645502'),(255,'대전','권오범','645503'),(256,'대전','길기호','645504'),(257,'대전','김경동','645505'),(258,'대전','김두회2','645506'),(259,'대전','김민현','645507'),(260,'대전','김석원','645508'),(261,'대전','김수용','645509'),(262,'대전','김유진','645510'),(263,'대전','김정빈','645511'),(264,'대전','김주호','645512'),(265,'대전','김진용','645513'),(266,'대전','남궁휘','645514'),(267,'대전','민선규','645515'),(268,'대전','박아람','645516'),(269,'대전','박윤지','645517'),(270,'대전','박찬의','645518'),(271,'대전','박창현','645519'),(272,'대전','박해인','645520'),(273,'대전','백철연','645521'),(274,'대전','손모은','645522'),(275,'대전','송예인','645523'),(276,'대전','안예지','645524'),(277,'대전','박소미','645525'),(278,'대전','안재현','645526'),(279,'대전','안현호','645527'),(280,'대전','최유미','645528'),(281,'대전','오서하','645529'),(282,'대전','오용록','645530'),(283,'대전','오윤기','645531'),(284,'대전','원유진','645532'),(285,'대전','유우식','645533'),(286,'대전','윤숙','645534'),(287,'대전','윤지영','645535'),(288,'대전','이상윤','645536'),(289,'대전','이주형','645537'),(290,'대전','이진석','645538'),(291,'대전','장성태','645539'),(292,'대전','장지빈','645540'),(293,'대전','전영서','645541'),(294,'대전','최승연','645542'),(295,'대전','최시열','645543'),(296,'대전','한우리','645544'),(297,'대전','신미래','645545'),(298,'대전','안정석','645546'),(299,'대전','오수경','645547'),(300,'대전','우정연','645548'),(301,'대전','윤동희','645549'),(302,'대전','윤원정','645550'),(303,'대전','이가은','645551'),(304,'대전','이건희','645552'),(305,'대전','이상백','645553'),(306,'대전','이소라','645554'),(307,'대전','이소영','645555'),(308,'대전','이재만','645556'),(309,'대전','이정필','645557'),(310,'대전','이제훈','645558'),(311,'대전','이주현','645559'),(312,'대전','이준형','645560'),(313,'대전','이호열','645561'),(314,'대전','임채은','645562'),(315,'대전','정명수','645563'),(316,'대전','정은이','645564'),(317,'대전','한선규','645565'),(318,'대전','한채은','645566'),(319,'대전','홍석준','645567'),(320,'대전','배나영','645568'),(321,'대전','백민아','645569'),(322,'대전','서형준','645570'),(323,'대전','황보라','645571'),(324,'대전','김치우','645572'),(325,'대전','김태호','645573'),(326,'대전','오재문','645574'),(327,'대전','한상우','645575');
INSERT INTO `student` (campus, student_number, student_name) VALUES ('서울','0645249','이정환'),('서울','0641311','김기솔'),('서울','0643627','천민우'),('서울','0648939','이상훈'),('서울','0649859','강민구'),('서울','0647396','이동준'),('서울','0647005','소석진'),('서울','0645202','손형선'),('서울','0640166','최현규'),('서울','0642332','최하영'),('서울','0647065','박소율'),('서울','0646723','서민기'),('서울','0640669','박종선'),('서울','0649559','임다훈'),('서울','0643383','이수림'),('서울','0648711','윤태성'),('서울','0642567','오윤택'),('서울','0646025','김승현'),('서울','0644815','이인규'),('서울','0642150','한혜성'),('서울','0645032','승나연'),('서울','0640694','이정아'),('서울','0644838','오재우'),('서울','0641370','이지우'),('서울','0648605','하윤주'),('서울','0646573','김한길'),('서울','0644303','이민정'),('서울','0643587','박건우'),('서울','0642108','김경한'),('서울','0644693','황소현'),('서울','0639736','선민기'),('서울','0642494','전현민'),('서울','0642872','이재근'),('서울','0645186','김형준'),('서울','0649746','최소원'),('서울','0646069','김하영'),('서울','0645752','최윤수'),('서울','0643652','박세진'),('서울','0649407','이혜민'),('서울','0644097','강수현'),('서울','0649706','김한나'),('서울','0646615','손수연'),('서울','0648940','이규은'),('서울','0642563','최정민'),('서울','0641819','안영진'),('서울','0642131','김윤하'),('서울','0644395','백승윤'),('서울','0634333','송지호'),('서울','0648698','임건호'),('서울','0644162','정지민'),('서울','0617351','이진행'),('서울','0642465','김남훈'),('서울','0647693','박홍규'),('서울','0641883','이상원'),('서울','0644877','최일권'),('서울','0647677','최재훈'),('서울','0641882','송다솔'),('서울','0643194','김영후'),('서울','0647466','이광진'),('서울','0645902','이언호'),('서울','0643986','이효림'),('서울','0642182','홍종규'),('서울','0648620','장효정'),('서울','0649294','김종범'),('서울','0649515','맹동열'),('서울','0644634','박지후'),('서울','0649121','이진희'),('서울','0644888','조성한'),('서울','0642072','권도혁'),('서울','0645057','방의진'),('서울','0646032','장성우'),('서울','0644656','정언용'),('서울','0649400','정찬'),('서울','0646460','김나경'),('서울','0647470','김동영'),('서울','0644041','김태균'),('서울','0647271','정산하'),('서울','0640484','조은솔'),('서울','0640988','류완수'),('서울','0647687','연승은'),('서울','0642945','한지윤'),('서울','0648368','서승원'),('서울','0647845','최광호'),('서울','0641515','홍승영'),('서울','0644936','우윤석'),('서울','0645368','윤혜구'),('서울','0647392','이현우'),('서울','0641801','이재경'),('서울','0646914','김민채'),('서울','0642995','노태현'),('서울','0648099','위연주'),('서울','0649019','윤창목'),('서울','0645036','조항준'),('서울','0641693','한슬기'),('서울','0648851','주지환'),('서울','0646999','강동석'),('서울','0647153','김정혁'),('서울','0640493','김경석'),('서울','0642357','김경현'),('서울','0643457','이선민'),('서울','0642165','문준호'),('서울','0643824','김은선'),('서울','0644683','형다은'),('서울','0647188','이지윤'),('서울','0649678','김응주'),('서울','0641720','정지영'),('서울','0643455','배지환'),('서울','0643768','유혜승'),('서울','0645575','오나연'),('서울','0645374','이정민'),('서울','0640411','장의현'),('서울','0649878','남은성'),('서울','0649469','조용문'),('서울','0641187','이아영'),('서울','0647841','이은영'),('서울','0647219','정구아'),('서울','0643949','김혜란'),('서울','0640592','배용한'),('서울','0643943','김중우'),('서울','0646512','김우찬'),('서울','0649698','김민준'),('서울','0641870','고주희'),('서울','0649032','임형준'),('서울','0647129','이호진'),('서울','0648126','최혜린'),('서울','0646136','노하윤'),('서울','0647806','김수민'),('서울','0649708','진민규'),('서울','0646633','이상우'),('서울','0640214','김은송'),('서울','0641445','이호형'),('서울','0643338','김선민'),('서울','0645783','주영호'),('서울','0646331','강민수'),('서울','0648390','손영배'),('서울','0642124','임지환'),('서울','0648199','최재진'),('서울','0645311','서우림'),('서울','0641259','김태훈'),('서울','0644434','허재석'),('서울','0644038','윤홍림'),('서울','0646095','김민수'),('서울','0646342','김동규'),('서울','0644722','이정훈'),('서울','0644085','서형준'),('서울','0645104','이윤기'),('서울','0647797','이재영'),('서울','0648703','황정준'),('서울','0641695','소정은'),('서울','0642013','이건'),('서울','0648748','조원빈'),('서울','0642783','김보민'),('서울','0646439','유재룡'),('서울','0643669','신지우'),('서울','0646423','정홍진'),('서울','0641284','김혜지'),('서울','0641051','김한주'),('서울','0648372','이명주'),('서울','0646554','송예진'),('서울','0645799','김명섭'),('서울','0643844','이여진'),('서울','0645387','박정환'),('서울','0640502','박찬혁'),('서울','0645238','윤혜원'),('서울','0642158','박성호'),('서울','0641237','이호성'),('서울','0642981','윤희영'),('서울','0649135','김민관'),('서울','0643163','강진'),('서울','0649449','구련아'),('서울','0645089','김경협'),('서울','0643913','김나윤'),('서울','0646234','김다영'),('서울','0642952','김도연'),('서울','0648476','김도현'),('서울','0647470','김동영'),('서울','0647695','김민창'),('서울','0644245','김수연'),('서울','0646819','김영진'),('서울','0645025','김윤하'),('서울','0641512','김정연'),('서울','0645904','김현규'),('서울','0643833','남정현'),('서울','0641611','류대성'),('서울','0645733','민성재'),('서울','0648242','박상일'),('서울','0645501','박종훈'),('서울','0641826','박주미'),('서울','0644752','배하은'),('서울','0643027','송민수'),('서울','0641477','양원동'),('서울','0642767','오지영'),('서울','0649345','유민상'),('서울','0641732','유소연'),('서울','0642272','이성재'),('서울','0644415','임영택'),('서울','0643440','임재현'),('서울','0649476','정유환'),('서울','0646024','정해윤'),('서울','0647898','정현정'),('서울','0648907','채예은'),('서울','0642684','최다연'),('서울','0647492','최대치'),('서울','0640649','최부성'),('서울','0648889','최상진'),('서울','0640090','최영운'),('서울','0642055','한정섭'),('서울','0643639','한지희'),('서울','0640270','허은아'),('서울','0644182','홍승기'),('서울','0641745','황수진'),('서울','0646632','김용희'),('서울','0646625','박기범'),('서울','0645817','천재원'),('서울','0649438','이서영'),('서울','0646556','제진명'),('서울','0642903','김승규'),('서울','0641963','정원식'),('서울','0649861','정주헌'),('서울','0645218','이다예'),('서울','0644375','김종우'),('서울','0642351','안지애'),('서울','0640696','김동현'),('서울','0648233','박현우'),('서울','0644871','염형덕'),('서울','0647234','이수민'),('서울','0643155','손창현'),('서울','0644648','윤영철'),('서울','0644282','김유민'),('서울','0644738','나지엽'),('서울','0648577','안재영'),('서울','0645164','전슬민'),('서울','0643952','강동원'),('서울','0646721','전건하'),('서울','0646153','최종현'),('서울','0644652','이정음'),('서울','0646599','엄희성'),('서울','0642972','조영운'),('서울','0641727','박상현'),('서울','0647446','노문택'),('서울','0646805','장준범'),('서울','0642705','채연희'),('서울','0642037','진형준'),('서울','0648765','연진우'),('서울','0649931','이예원'),('서울','0642384','송민주'),('서울','0648212','공윤환'),('서울','0642234','왕수련'),('서울','0643514','손상준'),('서울','0647648','인주비'),('서울','0647681','이민규'),('서울','0644222','심아윤'),('대전','0638143','곽현준'),('대전','0638316','권영현'),('대전','0630381','권오범'),('대전','0634529','길기호'),('대전','0632487','김경동'),('대전','0637984','김두회'),('대전','0634723','김민현'),('대전','0630679','김석원'),('대전','0636074','김수용'),('대전','0638072','김유진'),('대전','0636795','김정빈'),('대전','0635603','김주호'),('대전','0635999','김진용'),('대전','0636519','남궁휘'),('대전','0638445','민선규'),('대전','0635236','박아람'),('대전','0631707','박윤지'),('대전','0636376','박찬의'),('대전','0632114','박창현'),('대전','0636117','박해인'),('대전','0637938','백철연'),('대전','0636338','손모은'),('대전','0636846','송예인'),('대전','0637791','안예지'),('대전','0630616','박소미'),('대전','0633036','안재현'),('대전','0634048','안현호'),('대전','0636510','최유미'),('대전','0633933','오서하'),('대전','0633607','오용록'),('대전','0635082','오윤기'),('대전','0631162','원유진'),('대전','0636187','유우식'),('대전','0633391','윤숙'),('대전','0632855','윤지영'),('대전','0634631','이상윤'),('대전','0631520','이주형'),('대전','0638517','이진석'),('대전','0633719','장성태'),('대전','0632425','장지빈'),('대전','0632754','전영서'),('대전','0632864','최승연'),('대전','0632765','최시열'),('대전','0630368','한우리'),('대전','0638427','신미래'),('대전','0639829','안정석'),('대전','0630079','오수경'),('대전','0635521','우정연'),('대전','0631346','윤동희'),('대전','0637922','윤원정'),('대전','0637475','이가은'),('대전','0638338','이건희'),('대전','0639719','이상백'),('대전','0639300','이소라'),('대전','0632859','이소영'),('대전','0631497','이재만'),('대전','0636027','이정필'),('대전','0636071','이제훈'),('대전','0638525','이주현'),('대전','0632609','이준형'),('대전','0639982','이호열'),('대전','0637313','임채은'),('대전','0631246','정명수'),('대전','0635241','정은이'),('대전','0636743','한선규'),('대전','0637011','한채은'),('대전','0636320','홍석준'),('대전','0635413','배나영'),('대전','0635145','백민아'),('대전','0633460','서형준'),('대전','0639146','황보라'),('대전','0632927','김치우'),('대전','0631616','김태호'),('대전','0630704','오재문'),('대전','0638249','한상우');
INSERT INTO `user` (CAMPUS, SSAFY_TRACK, STUDENT_NUMBER, STUDENT_NAME, EMAIL, PASSWORD, PROFILE_IMG, SELF_INTRODUCTION, JOB1, JOB2, GITHUB_URL, ETC_URL, AGREEMENT, ROLES)
VALUES ('서울', 'Java Track', '0648390', '손영배', 'dudqo225@naver.com', '{bcrypt}$2a$10$UOByY4HXfrCztPhe1fjUYueP1wfTtwyuY4bzd3G2cgrjTgqwCXkbe', 'C:\image\team_image\default_img.jpg', '하위', '프론트엔드 (Front-end)', '백엔드 (Back-end)', 'https://github.com/ssafy-mate', 'https://velog.io/@ssafy-mate', 'true', 'ROLE_USER');

INSERT INTO `user` (CAMPUS, SSAFY_TRACK, STUDENT_NUMBER, STUDENT_NAME, EMAIL, PASSWORD, PROFILE_IMG, SELF_INTRODUCTION, JOB1, JOB2, GITHUB_URL, ETC_URL, AGREEMENT, ROLES)
VALUES ('서울', 'Java Track', '0648748', '조원빈', 'jwb7214@naver.com', '{bcrypt}$2a$10$UOByY4HXfrCztPhe1fjUYueP1wfTtwyuY4bzd3G2cgrjTgqwCXkbe', 'C:\image\team_image\default_img.jpg', '안녕하세요!', '백엔드 (Back-end)', '프론트엔드 (Front-end)', 'https://github.com/ssafy-mate', 'https://velog.io/@ssafy-mate', 'true', 'ROLE_ADMIN');

INSERT INTO `user` (CAMPUS, SSAFY_TRACK, STUDENT_NUMBER, STUDENT_NAME, EMAIL, PASSWORD, PROFILE_IMG, SELF_INTRODUCTION, JOB1, JOB2, GITHUB_URL, ETC_URL, AGREEMENT, ROLES)
VALUES ('서울', 'Java Track', '0644722', '이정훈', 'jeonghun12@naver.com', '{bcrypt}$2a$10$UOByY4HXfrCztPhe1fjUYueP1wfTtwyuY4bzd3G2cgrjTgqwCXkbe', 'C:\image\team_image\default_img.jpg', '헬로우', '프론트엔드 (Front-end)', '백엔드 (Back-end)', 'https://github.com/ssafy-mate', 'https://velog.io/@ssafy-mate', 'true', 'ROLE_USER');

INSERT INTO `user` (CAMPUS, SSAFY_TRACK, STUDENT_NUMBER, STUDENT_NAME, EMAIL, PASSWORD, PROFILE_IMG, SELF_INTRODUCTION, JOB1, JOB2, GITHUB_URL, ETC_URL, AGREEMENT, ROLES)
VALUES ('서울', 'Java Track', '0648111', '박정환', 'wjdghks@naver.com', '{bcrypt}$2a$10$UOByY4HXfrCztPhe1fjUYueP1wfTtwyuY4bzd3G2cgrjTgqwCXkbe', 'C:\image\team_image\default_img.jpg', 'ㅋㅋㅋㅋㅋ', '백엔드 (Back-end)', '프론트엔드 (Front-end)', 'https://github.com/ssafy-mate', 'https://velog.io/@ssafy-mate', 'true', 'ROLE_USER');

INSERT INTO user_stack (tech_stack_name, tech_stack_level, user_id) VALUES ('Java', '상', 1);
INSERT INTO user_stack (tech_stack_name, tech_stack_level, user_id) VALUES ('Python', '상', 1);

INSERT INTO user_stack (tech_stack_name, tech_stack_level, user_id) VALUES ('Javascript', '상', 2);
INSERT INTO user_stack (tech_stack_name, tech_stack_level, user_id) VALUES ('Python', '상', 2);

INSERT INTO user_stack (tech_stack_name, tech_stack_level, user_id) VALUES ('SpringBoot', '상', 3);
INSERT INTO user_stack (tech_stack_name, tech_stack_level, user_id) VALUES ('React', '상', 3);

INSERT INTO user_stack (tech_stack_name, tech_stack_level, user_id) VALUES ('C#', '상', 4);
INSERT INTO user_stack (tech_stack_name, tech_stack_level, user_id) VALUES ('C++', '상', 4);

INSERT INTO team (CAMPUS, BACKEND_RECRUITMENT, FRONTEND_RECRUITMENT, INTRODUCTION, NOTICE, PROJECT, PROJECT_TRACK, TEAM_IMG, TEAM_NAME, TOTAL_RECRUITMENT, OWNER_ID )
values ('서울',3,3,'함께 프로젝트 만들어 봐요', '개발개발', '특화 프로젝트', 'IoT', 'C:\image\team_image\default_img.jpg', '팀 싸피', 6, 1);

INSERT INTO tech_stack VALUES (1,'HTML5','/images/assets/tech-stack/HTML5.png'),(2,'CSS3','/images/assets/tech-stack/CSS3.png'),(3,'JavaScript','/images/assets/tech-stack/JavaScript.png'),(4,'TypeScript','/images/assets/tech-stack/TypeScript.png'),(5,'Vue.js','/images/assets/tech-stack/Vue.js.png'),(6,'React','/images/assets/tech-stack/React.png'),(7,'Angular','/images/assets/tech-stack/Angular.png'),(8,'Svelte','/images/assets/tech-stack/Svelte.png'),(9,'Node.js','/images/assets/tech-stack/Node.js.png'),(10,'Vuex','/images/assets/tech-stack/Vuex.png'),(11,'Redux','/images/assets/tech-stack/Redux.png'),(12,'Recoil','/images/assets/tech-stack/Recoil.png'),(13,'MobX','/images/assets/tech-stack/MobX.png'),(14,'SWR','/images/assets/tech-stack/SWR.png'),(15,'React-Query','/images/assets/tech-stack/React-Query.png'),(16,'Redux-Saga','/images/assets/tech-stack/Redux-Saga.png'),(17,'GraphQL','/images/assets/tech-stack/GraphQL.png'),(18,'Nuxt.js','/images/assets/tech-stack/Nuxt.js.png'),(19,'Next.js','/images/assets/tech-stack/Next.js.png'),(20,'Gatsby','/images/assets/tech-stack/Gatsby.png'),(21,'Sass(SCSS)','/images/assets/tech-stack/Sass(SCSS).png'),(22,'styled-components','/images/assets/tech-stack/styled-components.png'),(23,'Emotion','/images/assets/tech-stack/Emotion.png'),(24,'jQuery','/images/assets/tech-stack/jQuery.png'),(25,'React-Native','/images/assets/tech-stack/React-Native.png'),(26,'Pug','/images/assets/tech-stack/Pug.png'),(27,'webpack','/images/assets/tech-stack/webpack.png'),(28,'parcel','/images/assets/tech-stack/parcel.png'),(29,'Mock-Service-Worker','/images/assets/tech-stack/Mock-Service-Worker.png'),(30,'Bootstrap','/images/assets/tech-stack/Bootstrap.png'),(31,'React-Bootstrap','/images/assets/tech-stack/React-Bootstrap.png'),(32,'Ant-Design','/images/assets/tech-stack/Ant-Design.png'),(33,'React-Semantic-UI','/images/assets/tech-stack/React-Semantic-UI.png'),(34,'Material-UI','/images/assets/tech-stack/Material-UI.png'),(35,'Tailwind-CSS','/images/assets/tech-stack/Tailwind-CSS.png'),(36,'React-Spring','/images/assets/tech-stack/React-Spring.png'),(37,'Vuetify','/images/assets/tech-stack/Vuetify.png'),(38,'Jest','/images/assets/tech-stack/Jest.png'),(39,'WebAssembly','/images/assets/tech-stack/WebAssembly.png'),(40,'Python','/images/assets/tech-stack/Python.png'),(41,'django','/images/assets/tech-stack/django.png'),(42,'Flask','/images/assets/tech-stack/Flask.png'),(43,'Java','/images/assets/tech-stack/Java.png'),(44,'Spring','/images/assets/tech-stack/Spring.png'),(45,'Spring-Boot','/images/assets/tech-stack/Spring-Boot.png'),(46,'Express','/images/assets/tech-stack/Express.png'),(47,'OracleDB','/images/assets/tech-stack/OracleDB.png'),(48,'MS-SQL-Server','/images/assets/tech-stack/MS-SQL-Server.png'),(49,'MySQL','/images/assets/tech-stack/MySQL.png'),(50,'MariaDB','/images/assets/tech-stack/MariaDB.png'),(51,'mongoDB','/images/assets/tech-stack/mongoDB.png'),(52,'JPA','/images/assets/tech-stack/JPA.png'),(53,'MyBatis','/images/assets/tech-stack/MyBatis.png'),(54,'redis','/images/assets/tech-stack/redis.png'),(55,'JUnit','/images/assets/tech-stack/JUnit.png'),(56,'Socket.io','/images/assets/tech-stack/Socket.io.png'),(57,'PostgreSQL','/images/assets/tech-stack/PostgreSQL.png'),(58,'Swagger','/images/assets/tech-stack/Swagger.png'),(59,'Hibernate','/images/assets/tech-stack/Hibernate.png'),(60,'C++','/images/assets/tech-stack/C++.png'),(61,'C','/images/assets/tech-stack/C.png'),(62,'C-Sharp','/images/assets/tech-stack/C-Sharp.png'),(63,'Go','/images/assets/tech-stack/Go.png'),(64,'Apache-Hadoop','/images/assets/tech-stack/Apache-Hadoop.png'),(65,'Apache-Tomcat','/images/assets/tech-stack/Apache-Tomcat.png'),(66,'NGiNX','/images/assets/tech-stack/NGiNX.png'),(67,'aws','/images/assets/tech-stack/aws.png'),(68,'GCD','/images/assets/tech-stack/GCD.png'),(69,'Azure','/images/assets/tech-stack/Azure.png'),(70,'docker','/images/assets/tech-stack/docker.png'),(71,'kubernetes','/images/assets/tech-stack/kubernetes.png'),(72,'Jenkins','/images/assets/tech-stack/Jenkins.png'),(73,'Travis','/images/assets/tech-stack/Travis.png'),(74,'Firebase','/images/assets/tech-stack/Firebase.png'),(75,'Swift','/images/assets/tech-stack/Swift.png'),(76,'Kotlin','/images/assets/tech-stack/Kotlin.png'),(77,'Raspberry-Pi','/images/assets/tech-stack/Raspberry-Pi.png'),(78,'Arduino','/images/assets/tech-stack/Arduino.png'),(79,'Unity','/images/assets/tech-stack/Unity.png'),(80,'R','/images/assets/tech-stack/R.png'),(81,'Pandas','/images/assets/tech-stack/Pandas.png'),(82,'Matplotlib','/images/assets/tech-stack/Matplotlib.png'),(83,'TensorFlow','/images/assets/tech-stack/TensorFlow.png'),(84,'PyTorch','/images/assets/tech-stack/PyTorch.png'),(85,'Keras','/images/assets/tech-stack/Keras.png'),(86,'Numpy','/images/assets/tech-stack/Numpy.png'),(87,'Scikit-learn','/images/assets/tech-stack/Scikit-learn.png'),(88,'Caffe','/images/assets/tech-stack/Caffe.png'),(89,'Apache-Spark','/images/assets/tech-stack/Apache-Spark.png'),(90,'Electron','/images/assets/tech-stack/Electron.png'),(91,'Git','/images/assets/tech-stack/Git.png'),(92,'Figma','/images/assets/tech-stack/Figma.png'),(93,'Gradle','/images/assets/tech-stack/Gradle.png'),(94,'Apache-Kafka','/images/assets/tech-stack/Apache-Kafka.png'),(95,'php','/images/assets/tech-stack/php.png'),(96,'Ruby','/images/assets/tech-stack/Ruby.png'),(97,'Rails','/images/assets/tech-stack/Rails.png'),(98,'Scala','/images/assets/tech-stack/Scala.png'),(99,'Storybook','/images/assets/tech-stack/Storybook.png'),(100,'Deno','/images/assets/tech-stack/Deno.png');

INSERT INTO team_stack (tech_stack_code, team_id) values (1,1);
INSERT INTO team_stack (tech_stack_code, team_id) values (2,1);
INSERT INTO team_stack (tech_stack_code, team_id) values (3,1);



INSERT INTO user_team (user_id, team_id) values (1,1);

INSERT INTO chatting_room (room_id, user_id1, user_id2) values ('1-2', 1, 2);
INSERT INTO chatting_room (room_id, user_id1, user_id2) values ('2-3', 2, 3);
INSERT INTO chatting_room (room_id, user_id1, user_id2) values ('3-4', 3, 4);

INSERT INTO chatting_history (id, chatting_room_id, sender_id, content, sent_time) values (1, '1-2', 2, '나는 조원빈', '2022-01-17T17:03:37.336763');
INSERT INTO chatting_history (id, chatting_room_id, sender_id, content, sent_time) values (2, '1-2', 1, '나는 손영배', '2022-01-17T17:03:38.336763');
INSERT INTO chatting_history (id, chatting_room_id, sender_id, content, sent_time) values (3, '2-3', 2, '나는 손영배', '2022-01-17T17:03:35.336763');
INSERT INTO chatting_history (id, chatting_room_id, sender_id, content, sent_time) values (4, '3-4', 4, '나는 박정환', '2022-01-17T17:03:34.336763');
INSERT INTO chatting_history (id, chatting_room_id, sender_id, content, sent_time) values (5, '1-2', 2, '추가 데이터5', '2022-01-17T17:03:39.336763');
INSERT INTO chatting_history (id, chatting_room_id, sender_id, content, sent_time) values (6, '1-2', 2, '추가 데이터6', '2022-01-17T17:03:40.336763');
INSERT INTO chatting_history (id, chatting_room_id, sender_id, content, sent_time) values (7, '1-2', 2, '추가 데이터7', '2022-01-17T17:03:41.336763');
INSERT INTO chatting_history (id, chatting_room_id, sender_id, content, sent_time) values (8, '1-2', 1, '추가 데이터8', '2022-01-17T17:03:42.336763');
INSERT INTO chatting_history (id, chatting_room_id, sender_id, content, sent_time) values (9, '1-2', 2, '추가 데이터9', '2022-01-17T17:03:43.336763');
INSERT INTO chatting_history (id, chatting_room_id, sender_id, content, sent_time) values (10, '1-2', 1, '추가 데이터10', '2022-01-17T17:03:44.336763');
INSERT INTO chatting_history (id, chatting_room_id, sender_id, content, sent_time) values (11, '1-2', 2, '추가 데이터11', '2022-01-17T17:03:45.336763');
INSERT INTO chatting_history (id, chatting_room_id, sender_id, content, sent_time) values (12, '1-2', 1, '추가 데이터11', '2022-01-17T17:03:46.336763');
INSERT INTO chatting_history (id, chatting_room_id, sender_id, content, sent_time) values (13, '1-2', 2, '추가 데이터11', '2022-01-17T17:03:47.336763');
INSERT INTO chatting_history (id, chatting_room_id, sender_id, content, sent_time) values (14, '1-2', 1, '추가 데이터11', '2022-01-17T17:03:48.336763');
INSERT INTO chatting_history (id, chatting_room_id, sender_id, content, sent_time) values (15, '1-2', 2, '추가 데이터11', '2022-01-17T17:03:49.336763');
